<?xml version="1.0"?>
<!--
  Licensed to the Apache Software Foundation (ASF) under one or more
  contributor license agreements.  See the NOTICE file distributed with
  this work for additional information regarding copyright ownership.
  The ASF licenses this file to You under the Apache License, Version 2.0
  (the "License"); you may not use this file except in compliance with
  the License.  You may obtain a copy of the License at

      http://www.apache.org/licenses/LICENSE-2.0

  Unless required by applicable law or agreed to in writing, software
  distributed under the License is distributed on an "AS IS" BASIS,
  WITHOUT WARRANTIES OR CONDITIONS OF ANY KIND, either express or implied.
  See the License for the specific language governing permissions and
  limitations under the License.
-->
<!DOCTYPE document [
  <!ENTITY project SYSTEM "project.xml">
]>
<document url="20120301.html">

  &project;

  <properties>
    <author email="dev.AT.tomcat.DOT.apache.DOT.org">Apache Tomcat Connectors Project</author>
    <title>2012 News and Status</title>
  </properties>

<body>

<section name="2012 News &amp; Status">
<br />
<subsection name="31 May - JK-1.2.37 released">
    <a name="20120301.5"></a>
    <br />
    <p>The Apache Tomcat team is proud to announce the immediate availability
        of Tomcat Connectors 1.2.37. This is a stable release concentrating mainly on
        bug fixes.
    </p><p>
        Please see the <a href="../miscellaneous/changelog.html">ChangeLog</a> for a full list of changes.
    </p>
    <p>If you find any bugs while using this release, please fill in the
        <a href="https://issues.apache.org/bugzilla/enter_bug.cgi?product=Tomcat%20Connectors">Bugzilla</a>
        Bug Report.
    </p>
</subsection>
<subsection name="14 May - JK-1.2.36 released">
    <a name="20120301.4"></a>
    <br />
    <p>The Apache Tomcat team is proud to announce the immediate availability
        of Tomcat Connectors 1.2.36. This is a stable release concentrating mainly on
        bug fixes.
    </p><p>
        Please see the <a href="../miscellaneous/changelog.html">ChangeLog</a> for a full list of changes.
    </p>
    <p>If you find any bugs while using this release, please fill in the
        <a href="https://issues.apache.org/bugzilla/enter_bug.cgi?product=Tomcat%20Connectors">Bugzilla</a>
        Bug Report.
    </p>
</subsection>
<subsection name="24 March - JK-1.2.35 released">
    <a name="20120301.3"></a>
    <br />
    <p>The Apache Tomcat team is proud to announce the immediate availability
        of Tomcat Connectors 1.2.35. This is a stable release concentrating mainly on
        bug fixes.
    </p><p>
        Please see the <a href="../miscellaneous/changelog.html">ChangeLog</a> for a full list of changes.
    </p>
    <p>If you find any bugs while using this release, please fill in the
        <a href="https://issues.apache.org/bugzilla/enter_bug.cgi?product=Tomcat%20Connectors">Bugzilla</a>
        Bug Report.
    </p>
</subsection>
<subsection name="19 March - JK-1.2.33 stability issue">
    <a name="20120301.2"></a>
    <br />
    <p>The Apache Tomcat team wishes to draw your attention to stability issues
       that have been identified with the recent mod_jk 1.2.33 release. If you
       have not yet upgraded to mod_jk 1.2.33 we recommend that you wait for
       the mod_jk 1.2.34 release which is currently in progress. If you have
       upgraded and are experienced issues we recommend that you downgrade to
       mod_jk 1.2.32 until mod_jk 1.2.34 is available.
    </p><p>
        We apologise for any inconvenience.
    </p>
</subsection>
<subsection name="13 March - JK-1.2.33 released">
    <a name="20120301.1"></a>
    <br />
    <p>The Apache Tomcat team is proud to announce the immediate availability
        of Tomcat Connectors 1.2.33. This is a stable release concentrating mainly on
        some bug fixes.
    </p><p>
        Please see the <a href="../miscellaneous/changelog.html">ChangeLog</a> for a full list of changes.
    </p>
    <p>If you find any bugs while using this release, please fill in the
        <a href="https://issues.apache.org/bugzilla/enter_bug.cgi?product=Tomcat%20Connectors">Bugzilla</a>
        Bug Report.
    </p>
</subsection>

</section>
</body>
</document>

