<?xml version="1.0"?>
<!--
  Licensed to the Apache Software Foundation (ASF) under one or more
  contributor license agreements.  See the NOTICE file distributed with
  this work for additional information regarding copyright ownership.
  The ASF licenses this file to You under the Apache License, Version 2.0
  (the "License"); you may not use this file except in compliance with
  the License.  You may obtain a copy of the License at

      http://www.apache.org/licenses/LICENSE-2.0

  Unless required by applicable law or agreed to in writing, software
  distributed under the License is distributed on an "AS IS" BASIS,
  WITHOUT WARRANTIES OR CONDITIONS OF ANY KIND, either express or implied.
  See the License for the specific language governing permissions and
  limitations under the License.
-->
<!DOCTYPE document [
  <!ENTITY project SYSTEM "project.xml">
]>
<document url="20140201.html">

  &project;

  <properties>
    <author email="dev.AT.tomcat.DOT.apache.DOT.org">Apache Tomcat Connectors Project</author>
    <title>2014 News and Status</title>
  </properties>

<body>

<section name="2014 News &amp; Status">
<br />
<subsection name="15 April - JK-1.2.40 released">
    <a name="20140201.1"></a>
    <br />
    <p>The Apache Tomcat team is proud to announce the immediate availability
        of Tomcat Connectors 1.2.40. This is a stable release concentrating mainly on
        bug fixes.
    </p><p>
        Please see the <a href="../miscellaneous/changelog.html">ChangeLog</a> for a full list of changes.
    </p>
    <p>If you find any bugs while using this release, please fill in the
        <a href="https://issues.apache.org/bugzilla/enter_bug.cgi?product=Tomcat%20Connectors">Bugzilla</a>
        Bug Report.
    </p>
</subsection>
<subsection name="11 March - JK-1.2.39 released">
    <a name="20140201.2"></a>
    <br />
    <p>The Apache Tomcat team is proud to announce the immediate availability
        of Tomcat Connectors 1.2.39. This is a stable release containing both bug fixes and
        few new features like IPV6 support. Note that version 1.2.38 was not released due to
        some minor issues found in release process.
    </p><p>
        Please see the <a href="../miscellaneous/changelog.html">ChangeLog</a> for a full list of changes.
    </p>
    <p>If you find any bugs while using this release, please fill in the
        <a href="https://issues.apache.org/bugzilla/enter_bug.cgi?product=Tomcat%20Connectors">Bugzilla</a>
        Bug Report.
    </p>
</subsection>

</section>
</body>
</document>
